{"cameraMode":{"drawMode":0,"name":"Shaded","section":"Shading Mode"},"sceneLighting":false,"audioPlay":false,"sceneViewState":{"m_AlwaysRefresh":true,"showFog":true,"showSkybox":false,"showFlares":true,"showImageEffects":true,"showParticleSystems":true,"showVisualEffectGraphs":true,"m_FxEnabled":true},"in2DMode":false,"pivot":{"x":-0.33308935165405276,"y":-2.2479500770568849,"z":-0.08738964796066284},"rotation":{"x":0.24237726628780366,"y":-0.6996151208877564,"z":0.27685225009918215,"w":0.6125069260597229},"size":1.3874436616897584,"orthographic":false}