{"cameraMode":{"drawMode":0,"name":"Shaded","section":"Shading Mode"},"sceneLighting":true,"audioPlay":false,"sceneViewState":{"m_AlwaysRefresh":true,"showFog":true,"showSkybox":true,"showFlares":true,"showImageEffects":true,"showParticleSystems":true,"showVisualEffectGraphs":true,"m_FxEnabled":true},"in2DMode":false,"pivot":{"x":0.962472677230835,"y":-46.78862762451172,"z":22.06260108947754},"rotation":{"x":0.5104575157165527,"y":0.015746453776955606,"z":-0.009344799444079399,"w":0.8597232103347778},"size":36.42465591430664,"orthographic":false}